City_ID,City,Country,Lat,Lng,Max Temp,Humidity,Cloudiness,Wind Speed,Current Description
0,omboue,GA,-1.5746,9.2618,77.94,93,100,5.97,overcast clouds
1,fairlie,GB,55.756,-4.8556,53.51,89,100,1.99,light rain
2,tiarei,PF,-17.5333,-149.3333,86.02,74,100,13.44,light rain
3,pevek,RU,69.7008,170.3133,27.97,79,98,3.96,overcast clouds
4,saskylakh,RU,71.9167,114.0833,33.64,100,100,5.23,overcast clouds
5,cherskiy,RU,68.75,161.3,33.94,85,100,8.03,overcast clouds
6,mataura,NZ,-46.1927,168.8643,53.47,61,3,2.48,clear sky
7,kapaa,US,22.0752,-159.319,82.38,76,0,9.22,clear sky
8,kutum,SD,14.2,24.6667,72.45,54,98,13.62,overcast clouds
9,fortuna,US,40.5982,-124.1573,67.93,67,20,11.5,few clouds
10,port elizabeth,ZA,-33.918,25.5701,55.31,97,0,5.91,clear sky
11,kodiak,US,57.79,-152.4072,43.84,69,30,6.11,scattered clouds
12,ponta do sol,PT,32.6667,-17.1,68.72,84,36,6.38,scattered clouds
13,bilma,NE,18.6853,12.9164,78.71,19,0,12.44,clear sky
14,punta arenas,CL,-53.15,-70.9167,42.12,81,100,7.43,overcast clouds
15,bluff,NZ,-46.6,168.3333,53.8,67,6,8.12,clear sky
16,klaksvik,FO,62.2266,-6.589,47.32,97,80,11.23,broken clouds
17,mecca,SA,21.4267,39.8261,89.82,9,0,8.46,clear sky
18,nikolskoye,RU,59.7035,30.7861,46.87,89,100,7.63,overcast clouds
19,khatanga,RU,71.9667,102.5,32.49,100,100,2.37,overcast clouds
20,rikitea,PF,-23.1203,-134.9692,77.04,71,27,18.68,scattered clouds
21,yellowknife,CA,62.456,-114.3525,51.57,40,100,11.99,overcast clouds
22,victoria,HK,22.2855,114.1577,68.32,90,100,8.01,overcast clouds
23,bay roberts,CA,47.5999,-53.2648,35.06,80,55,5.01,broken clouds
24,mount isa,AU,-20.7333,139.5,78.57,44,0,14.97,clear sky
25,itoman,JP,26.1247,127.6694,64.78,94,75,19.57,light rain
26,hvolsvollur,IS,63.7533,-20.2243,49.24,85,100,3.83,overcast clouds
27,leningradskiy,RU,69.3833,178.4167,26.91,76,100,3.67,overcast clouds
28,lompoc,US,34.6391,-120.4579,78.57,87,100,13.8,overcast clouds
29,tasiilaq,GL,65.6145,-37.6368,33.96,97,100,10.2,snow
30,castro,BR,-24.7911,-50.0119,53.62,97,8,5.06,clear sky
31,chifeng,CN,42.2683,118.9636,63.41,23,0,10.78,clear sky
32,vila velha,BR,-20.3297,-40.2925,75.15,69,75,9.22,broken clouds
33,aksu,CN,41.1231,80.2644,67.41,40,100,2.21,light rain
34,thompson,CA,55.7435,-97.8558,35.76,93,100,10.36,light intensity drizzle
35,kruisfontein,ZA,-34.0033,24.7314,54.93,66,0,5.95,clear sky
36,constitucion,CL,-35.3333,-72.4167,56.01,57,100,3.71,overcast clouds
37,udachnyy,RU,66.4167,112.4,41.45,86,100,2.95,overcast clouds
38,cam ranh,VN,11.9214,109.1591,82.36,78,40,3.44,scattered clouds
39,half moon bay,US,37.4636,-122.4286,73.89,71,100,29.93,mist
40,baoding,CN,38.8511,115.4903,79.95,12,0,6.76,clear sky
41,qaanaaq,GL,77.484,-69.3632,21.43,76,93,5.28,overcast clouds
42,albany,US,42.6001,-73.9662,68.4,93,100,4.09,overcast clouds
43,cape town,ZA,-33.9258,18.4232,62.11,50,0,4.65,clear sky
44,ushuaia,AR,-54.8,-68.3,40.01,87,100,11.05,overcast clouds
45,hobart,AU,-42.8794,147.3294,53.46,80,75,19.57,broken clouds
46,lar,IN,26.2039,83.9717,90.3,60,0,10.83,clear sky
47,marti,CU,22.9475,-80.9203,75.22,85,41,2.59,light rain
48,port hedland,AU,-20.3167,118.5667,80.65,26,4,14.97,clear sky
49,sitka,US,57.0531,-135.33,53.49,50,20,12.66,few clouds
50,annau,TM,37.8876,58.516,72.77,31,7,2.71,clear sky
51,naze,JP,28.3667,129.4833,61.72,86,100,11.77,light rain
52,falun,SE,60.6036,15.626,40.95,60,0,4.99,clear sky
53,simao,CN,22.7886,100.9748,67.3,86,100,1.03,overcast clouds
54,jamestown,US,42.097,-79.2353,63.95,70,0,1.99,clear sky
55,kahului,US,20.8947,-156.47,80.83,74,65,11.99,broken clouds
56,walvis bay,NA,-22.9575,14.5053,64.29,56,1,4.97,clear sky
57,kalakamati,BW,-20.5929,27.3121,57.0,85,27,12.91,scattered clouds
58,mar del plata,AR,-38.0023,-57.5575,52.95,81,40,10.36,scattered clouds
59,haines junction,CA,60.7522,-137.5108,43.75,69,100,0.34,overcast clouds
60,vestmanna,FO,62.1564,-7.1664,45.52,87,20,10.36,few clouds
61,kang,BW,-23.6752,22.7876,59.94,41,6,8.12,clear sky
62,arraial do cabo,BR,-22.9661,-42.0278,73.72,84,8,19.37,clear sky
63,new norfolk,AU,-42.7826,147.0587,53.1,48,78,11.65,broken clouds
64,dunnville,CA,42.9001,-79.6163,64.9,88,99,6.33,overcast clouds
65,bredasdorp,ZA,-34.5322,20.0403,53.78,81,0,3.71,clear sky
66,kamogawa,JP,35.1,140.1,61.14,96,100,8.21,light rain
67,dingle,PH,10.9995,122.6711,84.52,69,99,1.77,overcast clouds
68,araci,BR,-11.3333,-38.9667,71.65,89,100,5.5,overcast clouds
69,teguldet,RU,57.3064,88.1667,63.19,62,17,8.39,few clouds
70,georgetown,MY,5.4112,100.3354,80.53,83,20,4.61,few clouds
71,bambous virieux,MU,-20.3428,57.7575,73.65,88,40,6.91,moderate rain
72,hami,CN,42.8,93.45,69.8,6,98,11.79,overcast clouds
73,lorengau,PG,-2.0226,147.2712,84.6,62,100,4.43,overcast clouds
74,poum,NC,-20.2333,164.0167,78.31,73,79,19.73,broken clouds
75,carnarvon,AU,-24.8667,113.6333,67.71,36,0,9.35,clear sky
76,antsohihy,MG,-14.8796,47.9875,66.07,78,1,5.53,clear sky
77,benjamin aceval,PY,-24.9667,-57.5667,62.74,82,0,6.76,clear sky
78,salalah,OM,17.0151,54.0924,82.49,51,7,6.91,clear sky
79,pedernales,DO,18.0384,-71.744,80.33,75,100,9.24,overcast clouds
80,cabo san lucas,MX,22.8909,-109.9124,92.5,16,40,17.27,scattered clouds
81,dikson,RU,73.5069,80.5464,34.59,93,100,15.12,overcast clouds
82,east london,ZA,-33.0153,27.9116,61.48,84,0,7.31,clear sky
83,busselton,AU,-33.65,115.3333,57.27,70,95,8.9,overcast clouds
84,hilo,US,19.7297,-155.09,85.28,81,44,5.99,scattered clouds
85,vaini,TO,-21.2,-175.2,77.16,73,40,6.91,scattered clouds
86,krasnoselkup,RU,65.7,82.4667,50.68,97,100,3.69,moderate rain
87,thessalon,CA,46.2501,-83.5666,61.09,67,76,8.21,broken clouds
88,puerto asis,CO,0.5133,-76.5007,73.67,99,91,1.3,overcast clouds
89,bonfim,BR,3.0833,-59.95,78.48,78,98,3.58,overcast clouds
90,atuona,PF,-9.8,-139.0333,78.75,71,11,15.59,few clouds
91,kirovohrad,UA,48.5132,32.2597,50.92,75,68,8.37,broken clouds
92,qasigiannguit,GL,68.8193,-51.1922,19.65,85,17,5.32,few clouds
93,kaitangata,NZ,-46.2817,169.8464,56.26,63,0,2.73,clear sky
94,bengkulu,ID,-3.8004,102.2655,77.34,91,82,3.67,broken clouds
95,puerto ayora,EC,-0.7393,-90.3518,72.55,96,84,1.99,broken clouds
96,hithadhoo,MV,-0.6,73.0833,82.8,76,100,11.88,overcast clouds
97,mahebourg,MU,-20.4081,57.7,73.69,88,40,6.91,scattered clouds
98,richards bay,ZA,-28.783,32.0377,64.58,87,44,2.39,scattered clouds
99,hermanus,ZA,-34.4187,19.2345,58.8,63,0,9.6,clear sky
100,port moresby,PG,-9.4431,147.1797,81.82,72,37,5.01,scattered clouds
101,okato,NZ,-39.2,173.8833,67.51,92,99,10.92,overcast clouds
102,sao filipe,CV,14.8961,-24.4956,75.34,75,100,8.12,overcast clouds
103,pemba,MZ,-12.974,40.5178,73.22,81,45,12.8,light rain
104,sonamukhi,IN,23.3,87.4167,86.36,67,97,12.57,overcast clouds
105,ust-kulom,RU,61.6864,53.6902,43.07,91,42,2.46,scattered clouds
106,tazovskiy,RU,67.4667,78.7,39.56,98,100,4.99,overcast clouds
107,ostrovnoy,RU,68.0531,39.5131,34.77,87,21,6.24,few clouds
108,provideniya,RU,64.3833,-173.3,39.36,75,40,18.01,scattered clouds
109,saint-philippe,RE,-21.3585,55.7679,67.59,87,78,11.16,light rain
110,upernavik,GL,72.7868,-56.1549,10.45,92,37,6.96,scattered clouds
111,kizhinga,RU,51.8462,109.9097,61.93,26,11,4.54,few clouds
112,novomoskovsk,RU,54.0105,38.2846,44.19,94,100,12.75,light rain
113,kavieng,PG,-2.5744,150.7967,84.11,65,100,1.99,overcast clouds
114,kaseda,JP,31.4167,130.3167,62.73,76,100,4.07,overcast clouds
115,lasem,ID,-6.6922,111.4527,81.59,80,100,6.26,overcast clouds
116,paita,PE,-5.0892,-81.1144,67.15,79,68,15.9,broken clouds
117,vrangel,RU,42.7297,133.0839,51.4,75,38,7.63,scattered clouds
118,bocaiuva,BR,-17.1078,-43.815,71.85,59,76,1.45,broken clouds
119,chateaubelair,VC,13.2833,-61.25,78.21,83,26,14.27,scattered clouds
120,bhattiprolu,IN,16.1,80.7833,82.56,77,14,4.94,few clouds
121,port alfred,ZA,-33.5906,26.891,61.99,83,0,8.63,clear sky
122,evensk,RU,61.95,159.2333,39.88,87,100,12.21,overcast clouds
123,katsuura,JP,35.1333,140.3,59.88,95,100,4.9,light rain
124,sinnamary,GF,5.3833,-52.95,78.21,92,100,9.53,moderate rain
125,buta,CD,2.7858,24.73,67.46,98,100,1.21,overcast clouds
126,souillac,MU,-20.5167,57.5167,73.78,88,40,6.91,light rain
127,galveston,US,29.3669,-94.9669,83.17,77,0,13.8,clear sky
128,hokitika,NZ,-42.7167,170.9667,60.21,81,94,3.78,overcast clouds
129,lugovoy,KZ,42.9472,72.7644,56.7,69,5,4.56,clear sky
130,palu,ID,-0.8917,119.8707,86.31,71,19,0.67,few clouds
131,gombong,ID,-7.6072,109.5142,81.88,82,35,1.1,scattered clouds
132,longyearbyen,SJ,78.2186,15.6401,30.04,74,75,1.14,light snow
133,caravelas,BR,-17.7125,-39.2481,74.16,76,100,5.28,overcast clouds
134,korop,UA,51.5664,32.9586,40.87,88,0,8.39,clear sky
135,vestmannaeyjar,IS,63.4427,-20.2734,48.61,93,100,19.64,overcast clouds
136,tigil,RU,57.8,158.6667,49.12,58,100,11.07,overcast clouds
137,porto novo,BJ,6.4965,2.6036,80.02,86,100,4.63,overcast clouds
138,monrovia,LR,6.3005,-10.7969,78.57,86,100,9.82,overcast clouds
139,biak,ID,-0.9131,122.8766,82.74,73,38,1.66,scattered clouds
140,nandura,IN,20.8333,76.45,85.93,48,4,7.78,clear sky
141,chuy,UY,-33.6971,-53.4616,46.92,70,0,7.87,clear sky
142,grand gaube,MU,-20.0064,57.6608,73.8,89,34,3.0,moderate rain
143,college,US,64.8569,-147.8028,52.29,49,75,10.36,broken clouds
144,glendive,US,47.1053,-104.7125,69.49,32,0,9.22,clear sky
145,vanimo,PG,-2.6741,141.3028,84.4,67,92,5.39,overcast clouds
146,broome,US,42.2506,-75.833,68.02,86,20,4.61,few clouds
147,nemuro,JP,43.3236,145.575,48.16,72,2,15.75,clear sky
148,tabou,CI,4.423,-7.3528,78.64,88,100,6.8,light rain
149,vonitsa,GR,38.9164,20.8864,62.56,94,20,0.0,few clouds
150,qarqin,AF,37.4185,66.0436,73.74,32,0,0.54,clear sky
151,esperance,AU,-33.8667,121.9,53.44,74,100,4.47,overcast clouds
152,kamenka,RU,51.3223,42.7678,43.3,97,12,8.01,few clouds
153,beringovskiy,RU,63.05,179.3167,35.96,86,95,5.12,overcast clouds
154,yumen,CN,40.2833,97.2,58.44,9,5,10.54,clear sky
155,pangnirtung,CA,66.1451,-65.7125,16.2,91,49,4.63,scattered clouds
156,rurrenabaque,BO,-14.4413,-67.5278,68.81,95,100,2.39,overcast clouds
157,acapulco,MX,16.8634,-99.8901,84.02,65,40,10.36,scattered clouds
158,bathsheba,BB,13.2167,-59.5167,79.36,85,29,19.44,scattered clouds
159,pochutla,MX,15.7432,-96.4661,85.82,60,100,7.2,overcast clouds
160,butaritari,KI,3.0707,172.7902,82.04,73,40,10.98,scattered clouds
161,vardo,NO,70.3705,31.1107,37.38,75,100,9.22,overcast clouds
162,oktyabrskoye,RU,43.0645,44.7417,51.94,81,100,0.0,overcast clouds
163,inuvik,CA,68.3499,-133.7218,36.43,100,100,4.21,overcast clouds
164,knysna,ZA,-34.0363,23.0471,60.37,54,0,5.41,clear sky
165,lagoa,PT,39.05,-27.9833,58.1,80,1,51.09,clear sky
166,wasilla,US,61.5814,-149.4394,55.65,39,75,8.05,broken clouds
167,chapais,CA,49.7834,-74.8492,58.14,93,100,6.89,overcast clouds
168,baykit,RU,61.67,96.37,62.65,40,65,1.9,broken clouds
169,havre-saint-pierre,CA,50.2334,-63.5986,37.31,83,100,13.22,overcast clouds
170,grindavik,IS,63.8424,-22.4338,48.67,100,100,25.32,overcast clouds
171,cidreira,BR,-30.1811,-50.2056,59.99,82,98,14.63,overcast clouds
172,codrington,AU,-38.2667,141.9667,55.17,68,95,14.47,overcast clouds
173,springbok,ZA,-29.6643,17.8865,57.96,18,0,9.08,clear sky
174,prado,BR,-17.3411,-39.2208,75.18,75,99,6.44,overcast clouds
175,sandnessjoen,NO,66.0217,12.6316,37.65,90,100,5.01,overcast clouds
176,avarua,CK,-21.2078,-159.775,78.85,65,75,3.44,broken clouds
177,noumea,NC,-22.2763,166.4572,79.0,99,35,12.03,scattered clouds
178,synya,RU,65.3718,58.0387,41.29,98,100,2.33,light rain
179,ahipara,NZ,-35.1667,173.1667,68.4,77,2,12.3,clear sky
180,fort nelson,CA,58.8053,-122.7002,60.19,36,81,6.38,broken clouds
181,beloha,MG,-25.1667,45.05,66.63,86,0,11.23,clear sky
182,lebu,CL,-37.6167,-73.65,53.4,68,100,1.43,overcast clouds
183,barrow,US,71.2906,-156.7887,33.82,80,100,6.91,overcast clouds
184,srednekolymsk,RU,67.45,153.6833,32.97,97,100,13.33,overcast clouds
185,ewo,CG,-0.8725,14.8206,75.0,88,82,0.63,light rain
186,narsaq,GL,60.9167,-46.05,37.62,71,22,2.86,few clouds
187,tessalit,ML,20.1986,1.0114,87.58,14,5,6.91,clear sky
188,birao,CF,10.2849,22.7882,79.12,59,93,0.63,overcast clouds
189,ixtapa,MX,20.7,-105.2,80.22,69,20,8.05,few clouds
190,panjab,AF,34.388,67.0233,47.44,67,0,3.78,clear sky
191,benghazi,LY,32.1167,20.0667,67.66,53,0,4.25,clear sky
192,margate,GB,51.3813,1.3862,60.69,83,100,1.01,overcast clouds
193,anajatuba,BR,-3.2644,-44.6197,74.64,96,100,2.28,heavy intensity rain
194,northam,GB,51.0333,-4.2167,56.61,94,100,8.75,overcast clouds
195,beira,MZ,-19.8436,34.8389,77.09,73,40,9.22,scattered clouds
196,vilhena,BR,-12.7406,-60.1458,72.52,80,20,3.56,few clouds
197,ilulissat,GL,69.2167,-51.1,19.42,63,27,0.0,scattered clouds
198,taldan,RU,53.6667,124.8,49.14,36,73,9.66,broken clouds
199,vao,NC,-22.6667,167.4833,73.89,74,55,17.27,broken clouds
200,ancud,CL,-41.8697,-73.8203,46.6,76,100,9.84,overcast clouds
201,nassau,US,40.7507,-73.5829,70.09,79,0,9.22,clear sky
202,marsh harbour,BS,26.5412,-77.0636,78.26,82,67,10.89,broken clouds
203,ribeira grande,PT,38.5167,-28.7,58.66,80,13,41.94,few clouds
204,imeni poliny osipenko,RU,52.4201,136.4853,46.24,62,100,4.38,overcast clouds
205,coquimbo,CL,-29.9533,-71.3436,56.3,86,20,1.34,few clouds
206,cassilandia,BR,-19.1133,-51.7342,67.17,97,95,2.57,overcast clouds
207,ust-barguzin,RU,53.45,108.9833,47.53,49,100,4.0,overcast clouds
208,nanortalik,GL,60.1432,-45.2371,30.52,83,96,5.68,overcast clouds
209,adrar,MR,20.5022,-10.0711,85.66,12,8,9.35,clear sky
210,la ronge,CA,55.1001,-105.2842,44.22,58,100,7.34,overcast clouds
211,bowen,AU,-20.0167,148.2333,79.2,65,0,2.57,clear sky
212,vangaindrano,MG,-23.35,47.6,66.7,89,85,2.48,moderate rain
213,kenai,US,60.5544,-151.2583,55.49,37,0,16.11,clear sky
214,bethel,US,41.3712,-73.414,68.32,84,67,4.97,broken clouds
215,san vicente,AR,-26.6167,-54.1333,52.84,97,63,4.68,broken clouds
216,maldonado,UY,-34.6667,-54.9167,54.23,67,98,13.85,overcast clouds
217,hambantota,LK,6.1241,81.1185,79.14,100,75,6.91,broken clouds
218,pangal,IN,16.2761,78.1189,84.06,61,100,7.16,overcast clouds
219,launceston,AU,-41.45,147.1667,55.8,63,40,21.85,scattered clouds
220,inhambane,MZ,-23.865,35.3833,70.18,80,73,9.42,light rain
221,meulaboh,ID,4.1363,96.1285,77.68,88,100,3.91,overcast clouds
222,damaturu,NG,11.747,11.9608,84.96,23,29,5.19,scattered clouds
223,waiuku,NZ,-37.25,174.75,69.26,88,100,10.8,overcast clouds
224,saint george,US,37.1041,-113.5841,93.79,4,0,18.41,clear sky
225,ambilobe,MG,-13.2,49.05,68.04,87,6,2.95,clear sky
226,hofn,IS,64.2539,-15.2082,47.57,89,98,4.34,overcast clouds
227,north branch,US,45.5113,-92.9802,70.09,72,7,7.61,clear sky
228,san luis,AR,-33.295,-66.3356,45.12,41,0,9.22,clear sky
229,obo,CF,5.3998,26.4869,68.05,98,100,1.28,overcast clouds
230,ola,RU,59.5833,151.2833,41.14,84,86,26.93,overcast clouds
231,airai,TL,-8.9266,125.4092,70.63,63,1,2.28,clear sky
232,maku,IR,39.2911,44.4521,53.31,88,90,3.15,overcast clouds
233,mayumba,GA,-3.432,10.6554,76.95,93,80,4.23,broken clouds
234,hervey bay,AU,-25.2986,152.8535,80.02,85,0,3.0,clear sky
235,calvinia,ZA,-31.4707,19.776,52.47,25,0,9.71,clear sky
236,port-gentil,GA,-0.7193,8.7815,80.2,87,100,11.27,light rain
237,opotiki,NZ,-38.0833,177.2833,62.67,95,100,2.17,overcast clouds
238,garmsar,IR,35.2182,52.3409,72.68,19,0,4.07,clear sky
239,yen bai,VN,21.7,104.8667,69.49,93,100,0.47,overcast clouds
240,san jeronimo,PE,-11.9472,-75.2829,48.72,87,15,4.14,few clouds
241,columbia,US,34.0007,-81.0348,79.48,70,0,1.01,clear sky
242,sambava,MG,-14.2667,50.1667,70.81,79,1,9.04,clear sky
243,saint-joseph,RE,-21.3667,55.6167,66.58,83,50,11.5,light rain
244,ambalavao,MG,-21.8333,46.9333,52.9,94,9,3.42,clear sky
245,tuktoyaktuk,CA,69.4541,-133.0374,36.72,91,100,6.44,overcast clouds
246,mount gambier,AU,-37.8333,140.7667,56.66,57,96,11.81,light rain
247,avera,US,33.194,-82.5271,78.31,74,94,5.91,overcast clouds
248,nome,US,64.5011,-165.4064,44.67,65,20,6.91,few clouds
249,roebourne,AU,-20.7833,117.1333,77.94,29,0,17.27,clear sky
250,refojos de basto,PT,41.5132,-7.9952,59.68,85,100,3.2,light rain
251,eureka,US,40.8021,-124.1637,71.74,71,0,8.99,clear sky
252,tiksi,RU,71.6872,128.8694,15.78,92,83,5.19,broken clouds
253,barsovo,RU,61.1667,73.1667,53.73,71,20,7.29,few clouds
254,luderitz,NA,-26.6481,15.1594,71.6,27,44,7.18,scattered clouds
255,durango,MX,24.8333,-104.8333,81.64,13,32,16.69,scattered clouds
256,asau,RO,46.4333,26.4,54.52,96,87,1.79,overcast clouds
257,charters towers,AU,-20.1,146.2667,77.95,51,0,4.25,clear sky
258,derzhavinsk,KZ,51.1,66.3167,58.98,63,100,14.05,overcast clouds
259,birjand,IR,32.8663,59.2211,58.98,19,0,4.47,clear sky
260,the valley,AI,18.217,-63.0578,78.66,77,46,22.24,scattered clouds
261,presidencia roque saenz pena,AR,-26.7852,-60.4388,53.33,62,0,7.74,clear sky
262,stabat,ID,3.761,98.4513,79.0,98,100,1.7,moderate rain
263,hualmay,PE,-11.0964,-77.6139,63.54,84,9,8.72,clear sky
264,montelimar,FR,44.5584,4.7509,60.73,83,93,2.04,overcast clouds
265,akureyri,IS,65.6835,-18.0878,45.99,84,95,8.93,overcast clouds
266,brae,GB,60.3964,-1.353,48.38,90,99,8.39,overcast clouds
267,maniitsoq,GL,65.4167,-52.9,32.31,63,6,9.33,clear sky
268,abbeville,FR,50.1,1.8333,64.49,87,100,15.88,overcast clouds
269,saint-augustin,CA,51.226,-58.6502,39.04,60,73,5.73,broken clouds
270,koumac,NC,-20.5667,164.2833,81.25,60,55,5.86,broken clouds
271,eganville,CA,45.5334,-77.0994,64.44,74,100,4.36,overcast clouds
272,san juan nepomuceno,CO,9.9516,-75.082,77.58,92,100,4.38,overcast clouds
273,san ramon,US,37.7799,-121.978,77.58,65,0,12.66,clear sky
274,rio gallegos,AR,-51.6226,-69.2181,48.25,71,0,11.5,clear sky
275,khash,IR,28.2211,61.2158,61.84,26,0,2.17,clear sky
276,san quintin,MX,30.4833,-115.95,65.44,74,0,13.02,clear sky
277,severo-kurilsk,RU,50.6789,156.125,36.64,98,100,14.32,light rain
278,cranbrook,CA,49.4999,-115.7688,57.56,58,100,1.88,overcast clouds
279,mahajanga,MG,-15.7167,46.3167,69.82,78,20,5.75,few clouds
280,lysyanka,UA,49.2523,30.8295,45.01,91,6,7.47,clear sky
281,manzanillo,CU,20.3433,-77.1167,74.52,88,87,10.04,light rain
282,aklavik,CA,68.2191,-135.0107,32.23,99,100,7.49,overcast clouds
283,deputatskiy,RU,69.3,139.9,20.37,94,100,16.93,light snow
284,pisco,PE,-13.7,-76.2167,63.01,88,6,0.0,mist
285,milkovo,RU,54.7167,158.6167,42.39,72,100,4.9,light rain
286,sala consilina,IT,40.3912,15.5989,56.39,84,100,0.58,overcast clouds
287,malanje,AO,-9.5402,16.341,61.95,71,77,3.44,broken clouds
288,rumonge,BI,-3.9736,29.4386,70.14,86,93,5.5,light rain
289,sola,VU,-13.8833,167.55,80.74,71,100,15.79,overcast clouds
290,burayevo,RU,55.8407,55.4083,47.71,86,97,4.45,overcast clouds
291,kamaishi,JP,39.2667,141.8833,57.58,60,100,10.22,overcast clouds
292,vostok,RU,46.4856,135.8833,46.67,61,82,9.53,broken clouds
293,north bend,US,43.4065,-124.2243,70.25,86,100,17.27,overcast clouds
294,yaring,TH,6.8662,101.3689,82.29,81,100,7.4,overcast clouds
295,chokurdakh,RU,70.6333,147.9167,20.1,82,100,11.95,overcast clouds
296,mujiayingzi,CN,42.1167,118.7833,61.83,25,0,12.26,clear sky
297,bang saphan,TH,11.2126,99.5117,82.69,80,100,5.41,overcast clouds
298,vila franca do campo,PT,37.7167,-25.4333,65.19,87,61,30.51,broken clouds
299,namatanai,PG,-3.6667,152.4333,84.87,62,100,2.19,overcast clouds
300,clyde river,CA,70.4692,-68.5914,18.72,86,29,3.31,scattered clouds
301,mabaruma,GY,8.2,-59.7833,75.47,96,97,2.95,overcast clouds
302,hay river,CA,60.8156,-115.7999,52.12,47,80,11.68,broken clouds
303,qaqortoq,GL,60.7167,-46.0333,31.19,75,55,2.04,broken clouds
304,jalu,LY,29.0331,21.5482,70.92,34,0,9.71,clear sky
305,maneadero,MX,31.7167,-116.5667,65.1,76,20,3.0,few clouds
306,laguna,US,38.421,-121.4238,89.58,46,0,14.97,clear sky
307,rio pomba,BR,-21.2747,-43.1792,67.75,92,8,4.0,clear sky
308,goderich,CA,43.7501,-81.7165,54.5,96,100,9.24,overcast clouds
309,lavrentiya,RU,65.5833,-171.0,31.78,76,62,10.69,broken clouds
310,ampanihy,MG,-24.7,44.75,63.03,96,0,6.98,clear sky
311,salinopolis,BR,-0.6136,-47.3561,79.07,88,100,10.6,overcast clouds
312,ivangorod,RU,59.3716,28.2162,42.17,79,76,10.42,broken clouds
313,sandwick,GB,60.0,-1.25,46.22,100,100,14.97,mist
314,keti bandar,PK,24.1447,67.4497,81.86,82,0,19.66,clear sky
315,fairbanks,US,64.8378,-147.7164,52.3,49,75,10.36,broken clouds
316,zonguldak,TR,41.25,31.8333,49.77,72,12,4.07,few clouds
317,sorkjosen,NO,69.8,20.9333,37.4,87,100,17.27,light rain
318,tarazona,ES,41.9,-1.7333,62.42,54,65,5.91,broken clouds
319,pitkyaranta,RU,61.5734,31.4792,44.06,92,100,6.98,light rain
320,dondo,MZ,-19.6094,34.7431,76.51,86,74,7.09,light rain
321,carroll,US,39.5501,-77.0164,68.23,86,50,1.01,scattered clouds
322,olinda,BR,-8.0089,-34.8553,78.53,89,75,2.3,broken clouds
323,shache,CN,38.4167,77.2406,64.71,45,100,6.38,overcast clouds
324,kovdor,RU,67.5662,30.4758,40.44,93,100,1.1,overcast clouds
325,muisne,EC,0.6,-80.0333,78.26,88,100,10.67,light rain
326,voh,NC,-20.9667,164.7,83.32,54,90,6.78,overcast clouds
327,san patricio,US,28.017,-97.5169,85.17,69,0,14.97,clear sky
328,hamilton,US,39.1834,-84.5333,74.84,61,53,1.59,broken clouds
329,goundi,TD,9.3627,17.366,81.57,56,100,4.52,overcast clouds
330,floro,NO,61.5996,5.0328,43.97,100,99,6.91,mist
331,manicore,BR,-5.8092,-61.3003,75.47,98,100,2.48,light rain
332,alofi,NU,-19.0595,-169.9187,76.86,66,23,14.94,light rain
333,victor harbor,AU,-35.5667,138.6167,60.01,67,28,14.09,scattered clouds
334,padang,ID,-0.9492,100.3543,77.05,86,21,2.44,few clouds
335,qandala,SO,11.472,49.8728,86.02,41,23,4.09,few clouds
336,tukrah,LY,32.5341,20.5791,64.83,53,0,3.27,clear sky
337,novyy urengoy,RU,66.0833,76.6333,45.46,81,100,7.11,overcast clouds
338,port macquarie,AU,-31.4333,152.9167,74.89,77,100,8.23,overcast clouds
339,lebork,PL,54.5392,17.7501,45.91,86,96,5.35,overcast clouds
340,sisimiut,GL,66.9395,-53.6735,26.78,66,2,9.46,clear sky
341,pedasi,PA,7.5333,-80.0333,78.06,82,100,8.46,overcast clouds
342,clonakilty,IE,51.6231,-8.8706,55.09,98,100,14.97,overcast clouds
343,asfi,MA,32.2994,-9.2372,63.7,82,5,7.61,clear sky
344,dolinsk,RU,47.35,142.8,55.56,53,9,13.35,clear sky
345,road town,VG,18.4167,-64.6167,80.64,78,20,10.36,few clouds
346,dayal bagh,IN,27.2167,78.0167,95.45,13,91,10.47,overcast clouds
347,karratha,AU,-20.7377,116.8463,78.31,30,9,18.9,clear sky
348,gogrial,SS,8.5332,28.1004,74.03,84,100,10.54,moderate rain
349,kirakira,SB,-10.4544,161.9205,83.53,75,26,2.44,scattered clouds
350,mombetsu,JP,44.3525,143.3525,59.11,40,0,8.57,clear sky
351,bubaque,GW,11.2833,-15.8333,78.89,86,38,12.19,scattered clouds
352,nago,JP,26.5881,127.9761,64.83,90,100,15.01,light rain
353,aykhal,RU,66.0,111.5,36.91,92,100,3.09,overcast clouds
354,weyburn,CA,49.6668,-103.8511,61.27,41,14,10.42,few clouds
355,iracoubo,GF,5.4802,-53.2011,77.77,93,100,8.7,moderate rain
356,sunrise manor,US,36.2111,-115.0731,99.91,4,0,9.22,clear sky
357,shingu,JP,33.7333,135.9833,58.93,85,100,2.98,overcast clouds
358,vanavara,RU,60.34,102.2797,62.11,38,0,2.82,clear sky
359,mitu,CO,1.1983,-70.1733,73.78,99,100,1.61,heavy intensity rain
360,nyurba,RU,63.2842,118.3319,43.34,60,19,8.63,few clouds
361,marawi,PH,7.9986,124.2928,78.6,73,98,0.31,overcast clouds
362,athabasca,CA,54.7169,-113.2854,60.91,39,11,4.72,few clouds
363,tuatapere,NZ,-46.1333,167.6833,58.82,54,7,4.52,clear sky
364,chengde,CN,40.9725,117.9361,67.23,23,4,4.41,clear sky
365,agadez,NE,19.75,10.25,76.44,14,0,10.38,clear sky
366,sharan,RU,54.8167,54.0,47.88,95,100,5.59,light rain
367,lac du bonnet,CA,50.2536,-96.0612,43.59,71,100,10.09,overcast clouds
368,teya,RU,60.3778,92.6267,58.68,67,100,4.27,overcast clouds
369,pitimbu,BR,-7.4706,-34.8086,77.59,85,46,6.64,scattered clouds
370,zyryanka,RU,65.75,150.85,33.3,88,100,2.86,overcast clouds
371,araouane,ML,18.9048,-3.5265,84.22,9,0,7.11,clear sky
372,mwene-ditu,CD,-7.0,23.45,69.6,59,86,6.2,overcast clouds
373,torbay,CA,47.6666,-52.7314,34.29,85,36,1.01,scattered clouds
374,roald,NO,62.5833,6.1333,43.75,75,6,12.66,clear sky
375,sidrolandia,BR,-20.9319,-54.9614,64.02,92,95,9.19,overcast clouds
376,rockingham,US,42.9668,-71.0995,70.21,89,100,3.15,moderate rain
377,yerbogachen,RU,61.2767,108.0108,58.3,49,61,6.08,broken clouds
378,kiama,AU,-34.6833,150.8667,73.26,62,0,7.0,clear sky
379,tromso,NO,69.6496,18.957,35.62,80,100,12.66,light snow
380,honningsvag,NO,70.9821,25.9704,38.95,81,100,14.97,overcast clouds
381,hovd,MN,48.0056,91.6419,62.98,19,100,1.57,overcast clouds
382,prince rupert,CA,54.3161,-130.3201,49.06,84,100,5.41,light rain
383,sao joao da boa vista,BR,-21.9692,-46.7981,63.48,94,89,1.9,overcast clouds
384,inirida,CO,3.8653,-67.9239,75.58,94,100,0.43,overcast clouds
385,atar,MR,20.5169,-13.0499,89.8,15,100,8.86,overcast clouds
386,ntoum,GA,0.3833,9.7833,75.81,95,100,1.19,light rain
387,duku,NG,11.2361,4.9073,83.41,60,90,1.23,overcast clouds
388,tshikapa,CD,-6.4167,20.8,77.27,53,100,2.17,overcast clouds
389,anahuac,MX,27.2333,-100.15,95.52,21,0,14.99,clear sky
390,donskoye,RU,45.4552,41.9741,55.53,94,0,9.8,clear sky
391,rawson,AR,-43.3002,-65.1023,49.35,74,13,11.14,few clouds
392,nouadhibou,MR,20.931,-17.0347,70.05,66,100,22.01,overcast clouds
393,kamyshla,RU,54.1169,52.1426,48.56,96,100,7.78,light rain
394,novikovo,RU,51.1537,37.8879,45.41,95,100,10.78,overcast clouds
395,bilibino,RU,68.0546,166.4372,32.97,93,94,4.14,overcast clouds
396,ulaangom,MN,49.9811,92.0667,63.91,18,100,2.39,overcast clouds
397,wamba,NG,8.9333,8.6,77.77,73,68,2.66,broken clouds
398,villa carlos paz,AR,-31.4241,-64.4978,46.81,50,6,3.0,clear sky
399,havoysund,NO,70.9963,24.6622,39.43,98,100,15.21,overcast clouds
400,iskateley,RU,67.6803,53.1512,34.74,93,100,11.83,overcast clouds
401,hasaki,JP,35.7333,140.8333,57.6,92,100,16.78,moderate rain
402,sumbe,AO,-11.2061,13.8437,75.4,92,76,9.19,broken clouds
403,te anau,NZ,-45.4167,167.7167,57.76,60,14,3.71,few clouds
404,tasgaon,IN,17.0333,74.6,75.97,80,100,10.4,overcast clouds
405,kieta,PG,-6.2167,155.6333,84.54,69,30,4.56,light rain
406,mumford,GH,5.2618,-0.759,80.13,84,12,4.74,few clouds
407,wakkanai,JP,45.4094,141.6739,49.91,78,57,27.74,broken clouds
408,olafsvik,IS,64.8945,-23.7142,47.16,92,100,14.7,overcast clouds
409,matara,LK,5.9485,80.5353,79.23,89,78,13.69,broken clouds
410,takoradi,GH,4.8845,-1.7554,79.93,85,43,3.89,light rain
411,panguna,PG,-6.3164,155.4848,79.99,68,71,1.74,light rain
412,san cristobal,VE,7.7669,-72.225,67.3,94,99,2.68,overcast clouds
413,sibolga,ID,1.7427,98.7792,76.95,91,100,3.04,overcast clouds
414,belmonte,BR,-15.8631,-38.8828,75.33,84,100,5.19,overcast clouds
415,de aar,ZA,-30.6497,24.0123,52.72,30,0,4.97,clear sky
416,galesong,ID,-5.3166,119.3661,78.82,76,76,3.22,broken clouds
417,alvorada,BR,-12.48,-49.1247,76.37,60,100,2.55,overcast clouds
418,kuytun,RU,54.3419,101.5036,63.12,35,100,5.93,overcast clouds
419,gualeguaychu,AR,-33.0094,-58.5172,46.89,71,0,8.72,clear sky
420,wattegama,LK,6.7989,81.4808,76.77,81,49,7.72,scattered clouds
421,hvide sande,DK,56.0045,8.1294,45.09,82,84,6.53,broken clouds
422,geraldton,AU,-28.7667,114.6,59.41,72,0,12.66,clear sky
423,tommot,RU,58.9564,126.2925,34.38,71,100,5.86,overcast clouds
424,lanja,IN,16.85,73.55,80.51,80,100,3.44,overcast clouds
425,qena,EG,26.1615,32.7183,79.41,22,100,7.67,overcast clouds
426,houma,US,29.5958,-90.7195,82.0,79,0,6.91,clear sky
427,miraflores,MX,19.2167,-98.8083,76.87,31,23,5.68,few clouds
428,wangqing,CN,43.3218,129.7634,54.68,68,100,5.17,overcast clouds
429,trincomalee,LK,8.5711,81.2335,81.19,79,99,20.92,overcast clouds
430,yuli,NG,9.6989,10.2744,81.99,65,90,3.56,overcast clouds
431,sesheke,ZM,-17.4759,24.2968,54.55,50,0,5.88,clear sky
432,yantai,CN,37.5333,121.4,70.2,32,9,11.59,clear sky
433,zhigansk,RU,66.7697,123.3711,31.37,62,100,17.38,overcast clouds
434,awbari,LY,26.5921,12.7805,70.11,17,0,4.92,clear sky
435,kupang,ID,-10.1667,123.5833,83.71,70,8,5.46,clear sky
436,piacabucu,BR,-10.4056,-36.4344,76.86,85,100,4.99,light rain
437,conde,BR,-7.2597,-34.9075,76.46,100,75,4.61,broken clouds
438,norman wells,CA,65.282,-126.8329,55.83,55,62,16.13,broken clouds
439,tongchuan,CN,35.0806,109.0897,65.32,34,0,7.58,clear sky
440,nizwa,OM,22.9333,57.5333,77.43,25,0,4.14,clear sky
441,brewster,US,41.3973,-73.6171,68.58,91,70,4.23,light rain
442,maragogi,BR,-9.0122,-35.2225,77.67,84,98,3.31,overcast clouds
443,kulhudhuffushi,MV,6.6221,73.07,81.84,82,100,21.21,overcast clouds
444,stepnyak,KZ,52.8339,70.7803,57.85,78,98,12.3,overcast clouds
445,salvador,SV,13.8333,-88.9167,77.4,70,98,2.82,overcast clouds
446,mathathane,BW,-22.2687,28.7495,61.47,85,15,6.67,few clouds
447,marrakesh,MA,31.6315,-8.0083,69.87,64,40,5.75,scattered clouds
448,almeria,ES,37.1667,-2.3333,62.44,57,14,4.92,few clouds
449,batagay-alyta,RU,67.8006,130.4114,22.98,72,100,4.68,overcast clouds
450,praxedis guerrero,MX,31.3667,-106.0167,98.06,4,83,7.09,broken clouds
451,samarai,PG,-10.6167,150.6667,82.81,69,1,5.32,clear sky
452,honiara,SB,-9.4333,159.95,86.52,64,10,4.41,clear sky
453,bonthe,SL,7.5264,-12.505,81.09,87,100,5.17,overcast clouds
454,veraval,IN,20.9,70.3667,82.42,80,0,11.99,clear sky
455,maun,BW,-19.9833,23.4167,57.83,37,1,6.93,clear sky
456,yamada,JP,39.4667,141.95,58.62,52,100,7.07,overcast clouds
457,billings,US,45.7833,-108.5007,71.37,35,75,8.05,broken clouds
458,tsevie,TG,6.4261,1.2133,77.02,90,99,4.83,light rain
459,trat,TH,12.5,102.5,81.91,82,100,3.53,overcast clouds
460,gornopravdinsk,RU,60.05,69.9,51.1,83,15,5.46,few clouds
461,tsiroanomandidy,MG,-18.7667,46.0333,65.44,66,84,2.53,broken clouds
462,faya,SA,18.3851,42.4509,59.52,12,3,6.33,clear sky
463,ajdabiya,LY,30.7554,20.2263,65.89,42,0,4.59,clear sky
464,khandyga,RU,62.6667,135.6,44.53,62,100,6.64,overcast clouds
465,nioro,GM,13.35,-15.75,78.49,61,8,9.22,clear sky
466,bad windsheim,DE,49.5,10.4167,60.73,80,0,0.0,clear sky
467,zlobin,HR,45.2924,14.6541,57.61,79,0,4.61,clear sky
468,kjollefjord,NO,70.9457,27.3465,39.25,85,100,11.59,overcast clouds
469,flinders,AU,-34.5833,150.8552,73.06,66,0,8.99,clear sky
470,luganville,VU,-15.5333,167.1667,81.99,68,100,11.59,overcast clouds
471,iqaluit,CA,63.7506,-68.5145,19.69,89,100,5.32,overcast clouds
472,am timan,TD,11.0297,20.2827,80.19,55,100,3.27,overcast clouds
473,seoul,KR,37.5683,126.9778,63.79,35,0,8.79,clear sky
474,cabedelo,BR,-6.9811,-34.8339,77.67,86,98,7.63,overcast clouds
475,samarkand,UZ,39.6542,66.9597,60.22,77,7,9.22,clear sky
476,chardara,KZ,41.2547,67.9692,66.76,60,3,4.38,clear sky
477,ellisras,ZA,-23.6649,27.7443,56.84,93,36,4.56,scattered clouds
478,sapele,NG,5.8941,5.6767,76.69,96,74,1.97,broken clouds
479,coos bay,US,43.3665,-124.2179,70.32,85,100,17.27,overcast clouds
480,satellite beach,US,28.1761,-80.5901,81.05,82,0,13.8,clear sky
481,miandrivazo,MG,-19.5167,45.4667,71.13,65,14,1.3,few clouds
482,omsukchan,RU,62.5333,155.8,35.55,96,100,7.27,overcast clouds
483,pacifica,US,37.6138,-122.4869,72.99,87,75,29.93,mist
484,maroua,CM,10.591,14.3159,85.87,46,96,5.7,overcast clouds
485,isangel,VU,-19.55,169.2667,79.39,70,38,15.23,scattered clouds
486,clearwater,US,27.9659,-82.8001,79.11,70,0,11.01,clear sky
487,aleksandrovskiy zavod,RU,50.9237,117.9374,54.7,31,49,11.39,scattered clouds
488,yar-sale,RU,66.8333,70.8333,37.92,98,99,8.63,overcast clouds
489,russell,US,32.3502,-85.1999,75.9,78,40,3.44,scattered clouds
490,buraydah,SA,26.326,43.975,82.08,13,0,6.76,clear sky
491,erzin,TR,36.9559,36.2,59.36,90,9,2.62,clear sky
492,carutapera,BR,-1.195,-46.02,76.62,95,100,6.02,overcast clouds
493,marathon,US,44.9,-89.7668,70.84,32,0,11.5,clear sky
494,meadow lake,US,34.8014,-106.5436,90.73,9,19,1.05,few clouds
495,alibag,IN,18.6411,72.8792,84.27,73,100,6.58,overcast clouds
496,igrim,RU,63.1906,64.4162,46.58,83,17,5.14,few clouds
497,grand-santi,GF,4.25,-54.3833,75.29,99,100,2.35,moderate rain
498,paamiut,GL,61.994,-49.6678,32.86,76,5,9.84,clear sky
499,jieshi,CN,22.8134,115.8257,66.0,89,100,12.44,overcast clouds
500,riviere-au-renard,CA,48.9957,-64.3971,40.41,94,90,12.68,overcast clouds
501,sakakah,SA,29.9697,40.2064,73.71,28,20,9.13,few clouds
502,islamkot,PK,24.6997,70.177,79.41,77,0,19.62,clear sky
503,puerto el triunfo,SV,13.2833,-88.55,82.54,74,96,5.12,overcast clouds
504,boguchany,RU,58.3814,97.4531,64.8,46,100,1.32,overcast clouds
505,taoudenni,ML,22.6783,-3.9836,88.95,6,78,15.3,broken clouds
506,bloemhof,ZA,-27.6469,25.607,59.41,48,79,7.31,broken clouds
507,alugan,PH,12.2188,125.4808,84.07,73,95,9.86,overcast clouds
508,xining,CN,36.6167,101.7667,41.41,64,7,2.13,clear sky
509,general pico,AR,-35.6566,-63.7568,42.76,57,0,8.16,clear sky
510,okhotsk,RU,59.3833,143.3,32.92,98,100,38.56,snow
511,morant bay,JM,17.8815,-76.4093,79.72,86,100,10.6,overcast clouds
512,faanui,PF,-16.4833,-151.75,80.46,72,22,7.85,few clouds
513,bitung,ID,1.4451,125.1824,86.85,72,23,1.72,few clouds
514,nova londrina,BR,-22.7658,-52.985,60.75,96,1,9.62,clear sky
515,ust-maya,RU,60.4167,134.5333,40.5,69,100,11.03,overcast clouds
516,zhuanghe,CN,39.7008,122.9911,66.33,40,23,2.66,few clouds
517,muros,ES,42.7762,-9.0603,61.09,90,100,17.05,overcast clouds
518,sakhnovshchyna,UA,49.1517,35.872,44.37,94,11,8.75,few clouds
519,tateyama,JP,34.9833,139.8667,61.11,93,100,14.61,light rain
520,shakiso,ET,5.75,38.9167,55.17,97,81,4.12,broken clouds
521,mercedes,AR,-34.6515,-59.4307,53.78,50,100,12.12,overcast clouds
522,mehamn,NO,71.0357,27.8492,37.31,85,100,11.12,overcast clouds
523,pahalgam,IN,34.0333,75.3333,53.4,60,100,5.41,overcast clouds
524,konibodom,TJ,40.2843,70.4426,68.13,53,0,3.71,clear sky
525,alnashi,RU,56.1874,52.4792,48.87,93,100,1.83,light rain
526,sao goncalo do amarante,BR,-3.6072,-38.9683,78.13,95,100,4.56,overcast clouds
527,ekibastuz,KZ,51.6667,75.3667,62.87,46,100,10.42,overcast clouds
528,tuy hoa,VN,13.0833,109.3,81.88,80,100,5.75,overcast clouds
529,baglung,NP,28.2719,83.5898,72.34,55,3,3.53,clear sky
530,sayla,IN,22.55,71.4667,81.68,65,0,12.84,clear sky
531,itarema,BR,-2.9248,-39.9167,76.69,91,82,9.62,broken clouds
532,uyuni,BO,-20.4597,-66.825,40.37,33,42,11.07,scattered clouds
533,bandar-e lengeh,IR,26.5579,54.8807,82.26,49,0,4.16,clear sky
534,berlevag,NO,70.8578,29.0864,37.35,75,100,14.97,overcast clouds
535,kikwit,CD,-5.041,18.8162,71.47,72,89,1.97,overcast clouds
536,campbell river,CA,50.0163,-125.2446,52.45,99,100,3.65,overcast clouds
537,severnoye,RU,56.3491,78.3619,59.88,56,93,7.78,overcast clouds
538,sorland,NO,67.667,12.6934,35.46,74,100,22.39,overcast clouds
539,moindou,NC,-21.6924,165.677,79.41,62,90,6.11,overcast clouds
540,shizunai,JP,42.3339,142.3669,51.71,79,59,5.88,broken clouds
541,lodwar,KE,3.1191,35.5973,82.02,51,66,13.24,broken clouds
542,mitsamiouli,KM,-11.3847,43.2844,79.43,69,6,6.08,clear sky
543,leiyang,CN,26.4024,112.8591,60.21,89,100,5.26,overcast clouds
544,santa isabel do rio negro,BR,-0.4139,-65.0192,75.29,94,98,2.26,light rain
545,barentu,ER,15.1139,37.5928,79.86,29,0,6.13,clear sky
546,ucluelet,CA,48.9329,-125.5528,53.1,92,100,7.83,overcast clouds
547,morondava,MG,-20.2833,44.2833,74.61,53,89,9.24,overcast clouds
548,harper,LR,4.375,-7.7169,78.58,88,100,7.18,light rain
549,okitipupa,NG,6.5047,4.7839,76.42,97,99,1.3,overcast clouds
550,riyadh,SA,24.6877,46.7219,69.94,9,0,6.55,clear sky
551,zaraza,VE,9.3503,-65.3245,82.31,66,97,8.72,overcast clouds
552,la asuncion,VE,11.0333,-63.8628,78.75,87,34,18.16,scattered clouds
553,dunedin,NZ,-45.8742,170.5036,57.79,66,0,3.0,clear sky
554,jimma,ET,7.6667,36.8333,59.14,95,100,1.25,light rain
555,pontes e lacerda,BR,-15.2261,-59.3353,69.37,96,57,8.1,broken clouds
556,genhe,CN,50.7833,121.5167,51.8,36,100,7.96,overcast clouds
557,pedro juan caballero,PY,-22.5472,-55.7333,57.16,88,0,11.5,clear sky
558,plettenberg bay,ZA,-34.0527,23.3716,61.21,52,0,4.88,clear sky
559,puerto escondido,MX,15.85,-97.0667,84.92,72,50,7.47,scattered clouds
560,kanker,IN,20.2719,81.4931,84.74,45,84,2.8,broken clouds
561,pawa,PH,13.1747,123.7328,84.2,68,100,3.65,overcast clouds
562,bafra,TR,41.5678,35.9069,57.81,72,3,5.5,clear sky
563,lishan,CN,31.8576,113.2951,64.71,50,100,4.74,overcast clouds
564,miguelopolis,BR,-20.1794,-48.0319,66.0,92,100,1.99,overcast clouds
565,barbate,ES,36.1924,-5.9219,60.33,91,96,2.62,overcast clouds
566,dalby,AU,-27.1833,151.2667,74.98,82,1,1.01,clear sky
567,raposa,BR,-6.5167,-44.1833,76.87,72,100,2.28,overcast clouds
568,hobyo,SO,5.3505,48.5268,79.47,81,3,24.4,clear sky
569,anadyr,RU,64.75,177.4833,43.3,56,0,22.37,clear sky
570,husavik,IS,66.0449,-17.3389,45.55,84,11,9.04,few clouds
571,bhachau,IN,23.2833,70.35,80.35,77,0,13.69,clear sky
572,takaka,NZ,-40.85,172.8,65.55,92,92,1.41,overcast clouds
573,ambunti,PG,-4.2365,142.8448,84.56,70,82,2.3,broken clouds
574,bossangoa,CF,6.4926,17.4552,71.51,82,93,0.81,overcast clouds
575,ardabil,IR,38.2498,48.2933,54.73,64,0,2.08,clear sky
576,filiatra,GR,37.15,21.5833,66.69,77,0,3.58,clear sky
577,lasa,IT,46.6166,10.7002,57.36,91,93,1.92,overcast clouds
578,arman,RU,59.7,150.1667,41.02,86,100,15.68,overcast clouds
579,korla,CN,41.7597,86.1469,71.29,17,100,8.08,overcast clouds
580,coffs harbour,AU,-30.3,153.1333,73.13,88,75,5.75,light intensity shower rain
581,kincardine,GB,56.0667,-3.7167,53.01,89,88,11.21,overcast clouds
582,sukumo,JP,32.9333,132.7333,63.79,68,100,3.04,overcast clouds
583,bell ville,AR,-32.6259,-62.6887,42.67,42,0,7.81,clear sky
584,passo de camaragibe,BR,-9.2368,-35.4901,74.75,89,37,0.56,scattered clouds
585,holme,DK,56.1138,10.1725,45.95,87,100,2.84,overcast clouds
586,negombo,LK,7.2083,79.8358,80.91,83,85,18.01,overcast clouds
587,aranda de duero,ES,41.6704,-3.6892,52.03,77,86,3.47,overcast clouds
588,limbang,MY,4.75,115.0,84.31,88,100,1.48,overcast clouds
589,zwedru,LR,6.0667,-8.1281,73.15,99,100,2.3,overcast clouds
590,chicama,PE,-7.8447,-79.1469,61.34,73,76,4.45,broken clouds
591,san rafael,AR,-34.6177,-68.3301,46.8,43,3,5.48,clear sky
592,touros,BR,-5.1989,-35.4608,77.25,89,79,8.1,broken clouds
593,mmathubudukwane,BW,-24.6,26.4333,57.81,88,6,5.21,light rain
594,ayan,RU,56.45,138.1667,34.45,93,100,8.99,overcast clouds
595,colac,AU,-38.3333,143.5833,54.18,82,100,10.38,overcast clouds
596,nioki,CD,-2.7167,17.6833,73.9,83,93,0.45,overcast clouds
597,talnakh,RU,69.4865,88.3972,38.21,90,100,10.6,overcast clouds
598,labuhan,ID,-6.8844,112.2051,81.7,80,85,5.66,overcast clouds
599,preston,GB,53.7667,-2.7167,57.18,88,100,21.79,overcast clouds
600,broken hill,AU,-31.95,141.4333,62.83,52,1,7.09,clear sky
601,barquisimeto,VE,10.0739,-69.3228,74.37,71,100,3.22,overcast clouds
602,kristiinankaupunki,FI,62.2743,21.376,40.75,76,6,13.94,clear sky
603,sembakung,ID,3.8167,117.25,78.64,91,100,2.57,overcast clouds
604,colares,PT,38.7992,-9.4469,65.79,77,65,15.99,broken clouds
605,lady lake,US,28.9175,-81.9229,72.95,89,100,11.5,overcast clouds
606,ostersund,SE,63.1792,14.6357,34.25,80,75,18.41,broken clouds
607,champerico,GT,14.3,-91.9167,84.81,70,100,8.1,overcast clouds
608,bagdarin,RU,54.4333,113.6,57.38,30,58,12.03,broken clouds
609,dreux,FR,48.6667,1.25,62.98,97,14,14.67,few clouds
610,svetlogorsk,BY,52.6333,29.7333,42.08,88,73,7.18,broken clouds
611,chabahar,IR,25.2919,60.643,81.9,70,0,4.27,clear sky
612,ilinskaya,RU,45.7219,40.7211,48.88,94,5,7.29,clear sky
613,kramat,ID,-8.1311,113.4499,80.6,77,11,1.61,few clouds
614,abrantes,PT,39.4667,-8.2,60.42,91,100,3.67,overcast clouds
615,hoshangabad,IN,22.75,77.7167,89.44,24,54,4.41,broken clouds
616,ambon,ID,-3.6954,128.1814,86.14,70,20,3.44,few clouds
617,casablanca,MA,33.5928,-7.6192,69.33,73,20,8.99,few clouds
618,dudinka,RU,69.4058,86.1778,34.97,97,100,3.38,overcast clouds
619,saint-francois,FR,46.4154,3.9054,62.04,82,75,6.91,thunderstorm with rain
620,pokhara,NP,28.2333,83.9833,76.71,55,22,0.58,few clouds
621,harlingen,US,26.1906,-97.6961,84.29,48,0,17.27,clear sky
622,yeniseysk,RU,58.4497,92.1703,59.0,83,100,4.32,overcast clouds
623,aboso,GH,5.3617,-1.9473,75.36,96,100,0.63,overcast clouds
624,bocas del toro,PA,9.3333,-82.25,80.56,83,100,5.88,overcast clouds
625,dalbandin,PK,28.8947,64.4101,70.74,23,0,6.49,clear sky
626,sangar,RU,63.9242,127.4739,34.34,89,100,3.6,light snow
627,waw,SS,7.7029,27.9953,74.79,86,99,4.59,light rain
628,chadiza,ZM,-14.0678,32.4392,54.03,79,0,4.88,clear sky
629,vila,PT,42.0304,-8.1588,49.69,89,100,6.35,overcast clouds
630,concepcion del oro,MX,24.6333,-101.4167,76.14,13,1,14.74,clear sky
631,sakaiminato,JP,35.55,133.2333,61.77,64,100,2.48,overcast clouds
632,canton,CN,23.1167,113.25,68.88,80,100,9.24,overcast clouds
633,bac lieu,VN,9.285,105.7244,84.76,74,100,9.17,overcast clouds
634,roverud,NO,60.2521,12.055,43.43,61,88,4.52,overcast clouds
635,viedma,AR,-40.8135,-62.9967,52.27,74,100,19.01,overcast clouds
636,saucillo,MX,28.0167,-105.2833,94.42,8,22,5.26,few clouds
637,davila,PH,18.4726,120.5763,87.78,69,40,2.1,scattered clouds
638,banda aceh,ID,5.5577,95.3222,82.67,77,99,11.86,overcast clouds
639,mount abu,IN,24.6,72.7,66.65,72,0,6.71,clear sky
640,asyut,EG,27.181,31.1837,74.71,36,100,17.11,overcast clouds
641,benavente,ES,42.0025,-5.6783,51.46,84,100,8.14,overcast clouds
642,pingliang,CN,35.5392,106.6861,58.98,19,0,3.47,clear sky
643,moron,AR,-34.6534,-58.6198,55.15,61,83,10.42,broken clouds
644,coihaique,CL,-45.5752,-72.0662,36.21,100,0,0.0,clear sky
645,boyolangu,ID,-8.1181,111.8935,81.19,77,71,2.71,broken clouds
646,chateauroux,FR,46.8167,1.7,66.2,72,0,13.8,clear sky
647,usinsk,RU,65.9939,57.5281,41.95,93,100,7.7,overcast clouds
648,saquarema,BR,-22.92,-42.5103,70.45,82,3,3.96,clear sky
649,rockhampton,AU,-23.3833,150.5,76.89,73,100,6.91,overcast clouds
650,wilmslow,GB,53.328,-2.2315,57.58,87,100,8.01,overcast clouds
651,hibbing,US,47.4272,-92.9377,61.95,33,100,11.5,overcast clouds
652,cuamba,MZ,-14.8031,36.5372,58.98,98,8,3.91,clear sky
653,areosa,PT,41.7178,-8.8571,60.75,93,98,18.3,overcast clouds
654,kolyvan,RU,55.3053,82.7391,60.42,62,40,6.51,scattered clouds
655,cairns,AU,-16.9167,145.7667,87.06,67,1,4.61,clear sky
656,muzhi,RU,65.3667,64.6667,42.94,90,74,4.9,broken clouds
657,santa cruz,BO,-17.8,-63.1667,71.06,64,100,16.11,overcast clouds
658,tandil,AR,-37.3217,-59.1332,47.68,85,97,17.69,overcast clouds
659,port lincoln,AU,-34.7333,135.8667,60.39,60,70,17.87,broken clouds
660,petropavlovsk-kamchatskiy,RU,53.0452,158.6483,37.99,93,100,13.42,moderate rain
661,boueni,YT,-12.9025,45.0761,78.78,67,4,14.58,clear sky
662,yola,NG,9.2,12.4833,83.93,49,70,1.83,broken clouds
663,orebro,SE,59.2741,15.2066,49.77,29,75,10.36,broken clouds
664,huambo,AO,-12.7761,15.7392,56.39,66,40,1.88,scattered clouds
665,barra patuca,HN,15.8,-84.2833,79.34,81,9,8.77,clear sky
666,cayenne,GF,4.9333,-52.3333,81.09,1,100,5.01,moderate rain
667,erenhot,CN,43.6475,111.9767,62.4,16,62,17.2,broken clouds
668,jacareacanga,BR,-6.2222,-57.7528,74.32,99,100,2.01,moderate rain
669,mwanza,TZ,-2.5167,32.9,69.08,77,98,5.35,overcast clouds
670,tezu,IN,27.9167,96.1667,70.83,98,100,5.17,light rain
671,henties bay,NA,-22.116,14.2845,63.61,60,5,3.96,clear sky
672,manta,EC,-0.95,-80.7333,76.78,83,100,8.05,overcast clouds
673,loreto,MX,22.2667,-101.9667,79.99,12,2,11.21,clear sky
674,katherine,AU,-14.4667,132.2667,84.52,39,0,5.75,clear sky
675,rivadavia,AR,-33.1905,-68.4608,50.25,42,2,8.23,clear sky
676,coahuayana,MX,18.7333,-103.6833,81.46,51,100,5.06,overcast clouds
677,svolvaer,NO,68.2342,14.5683,39.49,88,99,10.31,light rain
678,ulagan,RU,50.6321,87.9563,55.02,60,100,2.28,light rain
679,north myrtle beach,US,33.816,-78.68,74.37,89,0,12.66,clear sky
680,porto seguro,BR,-16.4497,-39.0647,72.12,94,100,2.3,overcast clouds
681,tura,IN,25.5198,90.2201,75.63,97,100,6.82,moderate rain
682,fossombrone,IT,43.6908,12.8127,67.69,72,19,6.33,few clouds
683,taltal,CL,-25.4,-70.4833,59.76,79,100,3.87,overcast clouds
684,halifax,CA,44.6453,-63.5724,47.7,94,100,5.99,overcast clouds
685,gat,IL,31.61,34.7642,65.39,86,38,0.81,scattered clouds
686,yemelyanovo,RU,56.1681,92.6767,65.21,59,0,17.9,clear sky
687,beaverlodge,CA,55.2166,-119.4361,58.62,44,100,14.09,overcast clouds
688,san felipe,VE,10.3399,-68.7425,72.99,96,100,3.44,overcast clouds
689,mugur-aksy,RU,50.35,90.5,52.63,33,100,2.1,overcast clouds
690,portland,US,45.5234,-122.6762,69.78,65,40,16.11,scattered clouds
691,santa rosalia,MX,27.3167,-112.2833,87.82,26,100,8.97,overcast clouds
692,lata,PT,40.1629,-8.3327,59.92,91,100,4.34,overcast clouds
693,saldanha,ZA,-33.0117,17.9442,61.48,46,0,8.68,clear sky
694,san carlos de bariloche,AR,-41.1456,-71.3082,38.41,60,99,3.87,overcast clouds
695,rio chiquito,HN,15.6333,-88.25,80.96,74,9,6.76,clear sky
696,blytheville,US,35.9273,-89.919,71.53,80,0,5.75,clear sky
697,mocuba,MZ,-16.8392,36.9856,62.44,98,28,3.67,scattered clouds
698,dwarka,IN,22.2394,68.9678,82.62,76,0,18.25,clear sky
699,antsirabe,MG,-19.85,47.0333,52.93,86,81,2.73,broken clouds
700,pinega,RU,64.7001,43.3936,37.47,92,50,8.05,scattered clouds
701,madera,US,37.1666,-119.8343,91.49,25,53,13.73,broken clouds
702,sao jose do egito,BR,-7.4789,-37.2744,69.33,95,99,7.29,overcast clouds
703,tautira,PF,-17.7333,-149.15,81.25,72,100,14.41,light rain
704,catamarca,AR,-28.4696,-65.7852,51.58,96,96,1.01,overcast clouds
705,mogzon,RU,51.7435,111.9606,57.06,30,95,5.84,overcast clouds
706,hailar,CN,49.2,119.7,58.23,28,6,8.93,clear sky
